{"cameraMode":{"drawMode":0,"name":"Shaded","section":"Shading Mode"},"sceneLighting":false,"audioPlay":false,"sceneViewState":{"showFog":true,"showMaterialUpdate":false,"showSkybox":true,"showFlares":true,"showImageEffects":true,"showParticleSystems":true},"in2DMode":false,"pivot":{"x":17.366422653198243,"y":7.983540058135986,"z":-6.081567287445068},"rotation":{"x":-0.10431746393442154,"y":0.709335207939148,"z":-0.10743023455142975,"w":-0.6887828707695007},"size":17.69182586669922,"orthographic":false}